{
  "cid": 83547,
  "synonyms": [
    "Hypobromous acid",
    "13517-11-8",
    "HOBr",
    "bromanol",
    "bromosyl",
    "hydroxidobromine",
    "UNII-GHT9BV419J",
    "hypobromige Saeure",
    "hydrogen oxybromide",
    "GHT9BV419J",
    "[BrOH]",
    "HYPOBROMOUS ACID (HOBR)",
    "CHEBI:29249",
    "(BrOH)",
    "Oxayl bromide",
    "Bromine oxide (BrO)",
    "hydroxybromide",
    "bromo-alcohol",
    "hydroxy-bromine",
    "hydroxyl-bromine",
    "HBrO",
    "DTXSID201315575",
    "DTXSID701024864",
    "HYDROGEN OXYBROMIDE (HOBR)",
    "Q414695",
    "Q27104091",
    "927-683-6"
  ],
  "sids": [
    5562835,
    10220153,
    10507046,
    11533390,
    15218711,
    44415225,
    48414806,
    50077856,
    50644381,
    57333617,
    79408275,
    104383493,
    135039940,
    135065751,
    142241118,
    163303842,
    176269509,
    198948999,
    224358346,
    252376863,
    274110002,
    319120761,
    319120762,
    319120763,
    341143222,
    355173083,
    374401774,
    376724229,
    385658897,
    385785044,
    386262988,
    386495384,
    386621966,
    403034372,
    404723120,
    419579067,
    419584772,
    438797875,
    439788360,
    440816970,
    445759037,
    469498055,
    469508910,
    471272510,
    472154639,
    472270115,
    472554980,
    472560066,
    483496814,
    484008105,
    486042067,
    486524419,
    489160014,
    500790815,
    500843629,
    500847587
  ],
  "aids": [
    1201
  ],
  "elements": [
    "Br",
    "O",
    "H"
  ],
  "atoms": [
    {
      "aid": 1,
      "element": "Br",
      "x": 2,
      "y": -0.25,
      "z": null,
      "charge": 0
    },
    {
      "aid": 2,
      "element": "O",
      "x": 2.866,
      "y": 0.25,
      "z": null,
      "charge": 0
    },
    {
      "aid": 3,
      "element": "H",
      "x": 3.403,
      "y": -0.06,
      "z": null,
      "charge": 0
    }
  ],
  "bonds": [
    {
      "aid1": 1,
      "aid2": 2,
      "order": 1
    },
    {
      "aid1": 2,
      "aid2": 3,
      "order": 1
    }
  ],
  "coordinate_type": "2d",
  "charge": 0,
  "molecular_formula": "BrHO",
  "molecular_weight": "96.91",
  "canonical_smiles": "OBr",
  "isomeric_smiles": "OBr",
  "inchi": "InChI=1S/BrHO/c1-2/h2H",
  "inchikey": "CUILPNURFADTPE-UHFFFAOYSA-N",
  "iupac_name": "hypobromous acid",
  "xlogp": 0.5,
  "exact_mass": "95.92108",
  "monoisotopic_mass": "95.92108",
  "tpsa": 20.2,
  "complexity": 2,
  "h_bond_donor_count": 1,
  "h_bond_acceptor_count": 1,
  "rotatable_bond_count": 0,
  "fingerprint": "00000371000020000010000000000000000000000000000000000000000000000000000000000000000008000000000000000000000000000000000000000000000000000000000000000000000000000000000000000000000000000000000000000000000000000000000000000000000000",
  "cactvs_fingerprint": "00000000000000000010000000000000000000000001000000000000000000000000000000000000000000000000000000000000000000000000000000000000000000000000000000000000000000000000000000000000000000000000000000000000000000000000000000000000000000000000000000000000000000000000000000000000000000000000000000000000000000000000100000000000000000000000000000000000000000000000000000000000000000000000000000000000000000000000000000000000000000000000000000000000000000000000000000000000000000000000000000000000000000000000000000000000000000000000000000000000000000000000000000000000000000000000000000000000000000000000000000000000000000000000000000000000000000000000000000000000000000000000000000000000000000000000000000000000000000000000000000000000000000000000000000000000000000000000000000000000000000000000000000000000000000000000000000000000000000000000000000000000000000000000000000000000000000000",
  "heavy_atom_count": 2,
  "isotope_atom_count": 0,
  "atom_stereo_count": 0,
  "defined_atom_stereo_count": 0,
  "undefined_atom_stereo_count": 0,
  "bond_stereo_count": 0,
  "defined_bond_stereo_count": 0,
  "undefined_bond_stereo_count": 0,
  "covalent_unit_count": 1,
  "volume_3d": null,
  "multipoles_3d": null,
  "conformer_rmsd_3d": null,
  "effective_rotor_count_3d": null,
  "pharmacophore_features_3d": null,
  "mmff94_partial_charges_3d": null,
  "mmff94_energy_3d": null,
  "conformer_id_3d": null,
  "shape_selfoverlap_3d": null,
  "feature_selfoverlap_3d": null,
  "shape_fingerprint_3d": null
}